{
	"info": {
		"_postman_id": "42f35e6f-5f29-4611-8302-724cbe072745",
		"name": "API Collection",
		"schema": "https://schema.getpostman.com/json/collection/v2.1.0/collection.json",
		"_exporter_id": "38023479"
	},
	"item": [
		{
			"name": "Captcha",
			"item": [
				{
					"name": "Request Captcha Token",
					"request": {
						"method": "GET",
						"header": [],
						"url": {
							"raw": "{{url}}/captcha/requestToken",
							"host": [
								"{{url}}"
							],
							"path": [
								"captcha",
								"requestToken"
							]
						}
					},
					"response": []
				},
				{
					"name": "Generate Captcha Image",
					"request": {
						"method": "GET",
						"header": [],
						"url": {
							"raw": "{{url}}/captcha/{{captcha_token}}",
							"host": [
								"{{url}}"
							],
							"path": [
								"captcha",
								"{{captcha_token}}"
							]
						}
					},
					"response": []
				},
				{
					"name": "Validate Captcha",
					"request": {
						"method": "POST",
						"header": [],
						"body": {
							"mode": "formdata",
							"formdata": [
								{
									"key": "captcha",
									"value": "{{captcha}}",
									"type": "text"
								},
								{
									"key": "token",
									"value": "{{captcha_token}}",
									"type": "text"
								}
							]
						},
						"url": {
							"raw": "{{url}}/captcha/verify",
							"host": [
								"{{url}}"
							],
							"path": [
								"captcha",
								"verify"
							]
						}
					},
					"response": []
				}
			]
		},
		{
			"name": "Authorization",
			"item": [
				{
					"name": "Registration",
					"request": {
						"method": "POST",
						"header": [],
						"body": {
							"mode": "formdata",
							"formdata": [
								{
									"key": "name",
									"value": "John Doe",
									"type": "text"
								},
								{
									"key": "username",
									"value": "johndoe",
									"type": "text"
								},
								{
									"key": "email",
									"value": "johndoe@example.com",
									"type": "text"
								},
								{
									"key": "password",
									"value": "selekda2024",
									"type": "text"
								},
								{
									"key": "date_of_birth",
									"value": "21-21-2021",
									"type": "text"
								},
								{
									"key": "phone_number",
									"value": "081231231232",
									"type": "text"
								},
								{
									"key": "profile_picture",
									"type": "file",
									"src": "/C:/Users/tinno/Downloads/17248547410/MEDIA_FILES/IMAGES/images (2).jpg"
								},
								{
									"key": "captcha",
									"value": "{{captcha}}",
									"type": "text"
								},
								{
									"key": "token",
									"value": "{{captcha_token}}",
									"type": "text"
								}
							]
						},
						"url": {
							"raw": "{{url}}/registration",
							"host": [
								"{{url}}"
							],
							"path": [
								"registration"
							]
						}
					},
					"response": []
				},
				{
					"name": "Login",
					"request": {
						"method": "POST",
						"header": [],
						"body": {
							"mode": "formdata",
							"formdata": [
								{
									"key": "username",
									"value": "admin",
									"type": "text"
								},
								{
									"key": "password",
									"value": "!Admin2024",
									"type": "text"
								}
							]
						},
						"url": {
							"raw": "{{url}}/login",
							"host": [
								"{{url}}"
							],
							"path": [
								"login"
							]
						}
					},
					"response": []
				},
				{
					"name": "Logout",
					"request": {
						"auth": {
							"type": "bearer",
							"bearer": [
								{
									"key": "token",
									"value": "{{access_token}}",
									"type": "string"
								}
							]
						},
						"method": "GET",
						"header": [],
						"url": {
							"raw": "{{url}}/logout",
							"host": [
								"{{url}}"
							],
							"path": [
								"logout"
							]
						}
					},
					"response": []
				}
			]
		},
		{
			"name": "Banners",
			"item": [
				{
					"name": "Admin",
					"item": [
						{
							"name": "Create Banner",
							"request": {
								"auth": {
									"type": "bearer",
									"bearer": [
										{
											"key": "token",
											"value": "{{access_token}}",
											"type": "string"
										}
									]
								},
								"method": "POST",
								"header": [],
								"body": {
									"mode": "formdata",
									"formdata": [
										{
											"key": "title",
											"value": "Banner Ketiga",
											"type": "text"
										},
										{
											"key": "description",
											"value": "Banner Ketiga Selekda 2024",
											"type": "text"
										},
										{
											"key": "image",
											"type": "file",
											"src": "/C:/Users/tinno/Downloads/17248547410/MEDIA_FILES/IMAGES/images (3).png"
										},
										{
											"key": "status",
											"value": "active",
											"type": "text"
										}
									]
								},
								"url": {
									"raw": "{{url}}/banners",
									"host": [
										"{{url}}"
									],
									"path": [
										"banners"
									]
								}
							},
							"response": []
						},
						{
							"name": "Update Banner",
							"request": {
								"auth": {
									"type": "bearer",
									"bearer": [
										{
											"key": "token",
											"value": "{{access_token}}",
											"type": "string"
										}
									]
								},
								"method": "POST",
								"header": [],
								"body": {
									"mode": "formdata",
									"formdata": [
										{
											"key": "title",
											"value": "Banner Kedua Edit",
											"type": "text"
										},
										{
											"key": "image",
											"type": "file",
											"src": "/C:/Users/tinno/Downloads/17248547410/MEDIA_FILES/IMAGES/images (3).jpg"
										}
									]
								},
								"url": {
									"raw": "{{url}}/banners/1?_method=PUT",
									"host": [
										"{{url}}"
									],
									"path": [
										"banners",
										"1"
									],
									"query": [
										{
											"key": "_method",
											"value": "PUT"
										}
									]
								}
							},
							"response": []
						},
						{
							"name": "Delete Banner",
							"request": {
								"auth": {
									"type": "bearer",
									"bearer": [
										{
											"key": "token",
											"value": "{{access_token}}",
											"type": "string"
										}
									]
								},
								"method": "DELETE",
								"header": [],
								"url": {
									"raw": "{{url}}/banners/4",
									"host": [
										"{{url}}"
									],
									"path": [
										"banners",
										"4"
									]
								}
							},
							"response": []
						}
					]
				},
				{
					"name": "Get Banners",
					"request": {
						"method": "GET",
						"header": [],
						"url": {
							"raw": "{{url}}/banners",
							"host": [
								"{{url}}"
							],
							"path": [
								"banners"
							]
						}
					},
					"response": []
				}
			]
		},
		{
			"name": "Blog Posts",
			"item": [
				{
					"name": "Admin",
					"item": [
						{
							"name": "Create Blogs",
							"request": {
								"auth": {
									"type": "bearer",
									"bearer": [
										{
											"key": "token",
											"value": "{{access_token}}",
											"type": "string"
										}
									]
								},
								"method": "POST",
								"header": [],
								"body": {
									"mode": "formdata",
									"formdata": [
										{
											"key": "title",
											"value": "Ini adalah Blog Ketiga",
											"type": "text"
										},
										{
											"key": "description",
											"value": "Desscription saja",
											"type": "text"
										},
										{
											"key": "image",
											"type": "file",
											"src": "/C:/Users/tinno/Downloads/17248547410/MEDIA_FILES/IMAGES/images (4).png"
										},
										{
											"key": "tags[]",
											"value": "Expressjs",
											"type": "text"
										},
										{
											"key": "tags[]",
											"value": "Python",
											"type": "text"
										}
									]
								},
								"url": {
									"raw": "{{url}}/blogs",
									"host": [
										"{{url}}"
									],
									"path": [
										"blogs"
									]
								}
							},
							"response": []
						},
						{
							"name": "Update Blogs",
							"request": {
								"auth": {
									"type": "bearer",
									"bearer": [
										{
											"key": "token",
											"value": "{{access_token}}",
											"type": "string"
										}
									]
								},
								"method": "POST",
								"header": [],
								"body": {
									"mode": "formdata",
									"formdata": [
										{
											"key": "title",
											"value": "Editted Blog Title",
											"type": "text"
										},
										{
											"key": "image",
											"type": "file",
											"src": "/C:/Users/tinno/Downloads/17248547410/MEDIA_FILES/IMAGES/images (5).png"
										},
										{
											"key": "description",
											"value": "Editted description",
											"type": "text"
										},
										{
											"key": "tags[]",
											"value": "edit",
											"type": "text"
										},
										{
											"key": "tags[]",
											"value": "Python",
											"type": "text"
										}
									]
								},
								"url": {
									"raw": "{{url}}/blogs/3?_method=PUT",
									"host": [
										"{{url}}"
									],
									"path": [
										"blogs",
										"3"
									],
									"query": [
										{
											"key": "_method",
											"value": "PUT"
										}
									]
								}
							},
							"response": []
						},
						{
							"name": "Delete Blogs",
							"request": {
								"auth": {
									"type": "bearer",
									"bearer": [
										{
											"key": "token",
											"value": "{{access_token}}",
											"type": "string"
										}
									]
								},
								"method": "DELETE",
								"header": [],
								"url": {
									"raw": "{{url}}/blogs/4",
									"host": [
										"{{url}}"
									],
									"path": [
										"blogs",
										"4"
									]
								}
							},
							"response": []
						}
					]
				},
				{
					"name": "Get Blogs",
					"request": {
						"method": "GET",
						"header": [],
						"url": {
							"raw": "{{url}}/blogs",
							"host": [
								"{{url}}"
							],
							"path": [
								"blogs"
							]
						}
					},
					"response": []
				}
			]
		},
		{
			"name": "Blog Comments",
			"item": [
				{
					"name": "Get Comments",
					"request": {
						"method": "GET",
						"header": [],
						"url": {
							"raw": "{{url}}/comments/1",
							"host": [
								"{{url}}"
							],
							"path": [
								"comments",
								"1"
							]
						}
					},
					"response": []
				},
				{
					"name": "Create Comment",
					"request": {
						"auth": {
							"type": "bearer",
							"bearer": [
								{
									"key": "token",
									"value": "{{access_token}}",
									"type": "string"
								}
							]
						},
						"method": "POST",
						"header": [],
						"body": {
							"mode": "formdata",
							"formdata": [
								{
									"key": "name",
									"value": "admin",
									"type": "text"
								},
								{
									"key": "email",
									"value": "admin@example.com",
									"type": "text"
								},
								{
									"key": "subject",
									"value": "Comment Pertama",
									"type": "text"
								},
								{
									"key": "website",
									"value": "webtech.id",
									"type": "text"
								},
								{
									"key": "comment",
									"value": "Comment Pertamaku!",
									"type": "text"
								},
								{
									"key": "captcha",
									"value": "{{captcha}}",
									"type": "text"
								},
								{
									"key": "token",
									"value": "{{captcha_token}}",
									"type": "text"
								}
							]
						},
						"url": {
							"raw": "{{url}}/comments/1",
							"host": [
								"{{url}}"
							],
							"path": [
								"comments",
								"1"
							]
						}
					},
					"response": []
				},
				{
					"name": "Update Comment",
					"request": {
						"auth": {
							"type": "bearer",
							"bearer": [
								{
									"key": "token",
									"value": "{{access_token}}",
									"type": "string"
								}
							]
						},
						"method": "POST",
						"header": [],
						"body": {
							"mode": "formdata",
							"formdata": [
								{
									"key": "name",
									"value": "Admin",
									"type": "text"
								},
								{
									"key": "email",
									"value": "admin@webtech.id",
									"type": "text"
								},
								{
									"key": "subject",
									"value": "Comment Pertama Edit",
									"type": "text"
								},
								{
									"key": "website",
									"value": "edit",
									"type": "text"
								},
								{
									"key": "captcha",
									"value": "edit",
									"type": "text"
								}
							]
						},
						"url": {
							"raw": "{{url}}/comments/1?_method=PUT",
							"host": [
								"{{url}}"
							],
							"path": [
								"comments",
								"1"
							],
							"query": [
								{
									"key": "_method",
									"value": "PUT"
								}
							]
						}
					},
					"response": []
				},
				{
					"name": "Delete Comment",
					"request": {
						"auth": {
							"type": "bearer",
							"bearer": [
								{
									"key": "token",
									"value": "{{access_token}}",
									"type": "string"
								}
							]
						},
						"method": "DELETE",
						"header": [],
						"url": {
							"raw": "{{url}}/comments/1",
							"host": [
								"{{url}}"
							],
							"path": [
								"comments",
								"1"
							]
						}
					},
					"response": []
				}
			]
		},
		{
			"name": "Portfolios",
			"item": [
				{
					"name": "Get Portfolios",
					"request": {
						"method": "GET",
						"header": [],
						"url": {
							"raw": "{{url}}/portfolios",
							"host": [
								"{{url}}"
							],
							"path": [
								"portfolios"
							]
						}
					},
					"response": []
				},
				{
					"name": "Create Portfolio",
					"request": {
						"auth": {
							"type": "bearer",
							"bearer": [
								{
									"key": "token",
									"value": "{{access_token}}",
									"type": "string"
								}
							]
						},
						"method": "POST",
						"header": [],
						"body": {
							"mode": "formdata",
							"formdata": [
								{
									"key": "title",
									"value": "Portfolio Pertama",
									"type": "text"
								},
								{
									"key": "description",
									"value": "Description Portfolios",
									"type": "text"
								},
								{
									"key": "image",
									"type": "file",
									"src": "/C:/Users/tinno/Downloads/17248547410/MEDIA_FILES/IMAGES/images (2).png"
								}
							]
						},
						"url": {
							"raw": "{{url}}/portfolios",
							"host": [
								"{{url}}"
							],
							"path": [
								"portfolios"
							]
						}
					},
					"response": []
				},
				{
					"name": "Update Portfolio",
					"request": {
						"auth": {
							"type": "bearer",
							"bearer": [
								{
									"key": "token",
									"value": "{{access_token}}",
									"type": "string"
								}
							]
						},
						"method": "POST",
						"header": [],
						"body": {
							"mode": "formdata",
							"formdata": [
								{
									"key": "title",
									"value": "Portfolio Kedua Editted",
									"type": "text"
								},
								{
									"key": "desciption",
									"value": "Editted description",
									"type": "text"
								},
								{
									"key": "image",
									"type": "file",
									"src": "/C:/Users/tinno/Downloads/17248547410/MEDIA_FILES/IMAGES/images (3).jpg"
								}
							]
						},
						"url": {
							"raw": "{{url}}/portfolios/2?_method=PUT",
							"host": [
								"{{url}}"
							],
							"path": [
								"portfolios",
								"2"
							],
							"query": [
								{
									"key": "_method",
									"value": "PUT"
								}
							]
						}
					},
					"response": []
				},
				{
					"name": "Delete Portfolio",
					"request": {
						"auth": {
							"type": "bearer",
							"bearer": [
								{
									"key": "token",
									"value": "{{access_token}}",
									"type": "string"
								}
							]
						},
						"method": "DELETE",
						"header": [],
						"url": {
							"raw": "{{url}}/portfolios/3",
							"host": [
								"{{url}}"
							],
							"path": [
								"portfolios",
								"3"
							]
						}
					},
					"response": []
				}
			]
		},
		{
			"name": "Users",
			"item": [
				{
					"name": "Admin",
					"item": [
						{
							"name": "Get Users",
							"request": {
								"auth": {
									"type": "bearer",
									"bearer": [
										{
											"key": "token",
											"value": "{{access_token}}",
											"type": "string"
										}
									]
								},
								"method": "GET",
								"header": [],
								"url": {
									"raw": "{{url}}/users",
									"host": [
										"{{url}}"
									],
									"path": [
										"users"
									]
								}
							},
							"response": []
						},
						{
							"name": "Create User",
							"request": {
								"auth": {
									"type": "bearer",
									"bearer": [
										{
											"key": "token",
											"value": "{{access_token}}",
											"type": "string"
										}
									]
								},
								"method": "POST",
								"header": [],
								"body": {
									"mode": "formdata",
									"formdata": [
										{
											"key": "name",
											"value": "User Create",
											"type": "text"
										},
										{
											"key": "username",
											"value": "user",
											"type": "text"
										},
										{
											"key": "email",
											"value": "user@example.com",
											"type": "text"
										},
										{
											"key": "password",
											"value": "selekda2024",
											"type": "text"
										},
										{
											"key": "date_of_birth",
											"value": "12-12-2012",
											"type": "text"
										},
										{
											"key": "phone_number",
											"value": "081212121212",
											"type": "text"
										},
										{
											"key": "profile_picture",
											"type": "file",
											"src": "/C:/Users/tinno/Downloads/17248547410/MEDIA_FILES/IMAGES/images (2).jpg"
										}
									]
								},
								"url": {
									"raw": "{{url}}/users",
									"host": [
										"{{url}}"
									],
									"path": [
										"users"
									]
								}
							},
							"response": []
						},
						{
							"name": "Update User",
							"request": {
								"auth": {
									"type": "bearer",
									"bearer": [
										{
											"key": "token",
											"value": "{{access_token}}",
											"type": "string"
										}
									]
								},
								"method": "POST",
								"header": [],
								"body": {
									"mode": "formdata",
									"formdata": [
										{
											"key": "name",
											"value": "User edit",
											"type": "text"
										},
										{
											"key": "username",
											"value": "edit",
											"type": "text"
										},
										{
											"key": "email",
											"value": "",
											"type": "text",
											"disabled": true
										},
										{
											"key": "date_of_birth",
											"value": "12-12-2011",
											"type": "text"
										},
										{
											"key": "phone_number",
											"value": "081212",
											"type": "text"
										},
										{
											"key": "password",
											"value": "password",
											"type": "text",
											"disabled": true
										}
									]
								},
								"url": {
									"raw": "{{url}}/users/3?_method=PUT",
									"host": [
										"{{url}}"
									],
									"path": [
										"users",
										"3"
									],
									"query": [
										{
											"key": "_method",
											"value": "PUT"
										}
									]
								}
							},
							"response": []
						},
						{
							"name": "Delete User",
							"request": {
								"auth": {
									"type": "bearer",
									"bearer": [
										{
											"key": "token",
											"value": "{{access_token}}",
											"type": "string"
										}
									]
								},
								"method": "DELETE",
								"header": [],
								"url": {
									"raw": "{{url}}/users/3",
									"host": [
										"{{url}}"
									],
									"path": [
										"users",
										"3"
									]
								}
							},
							"response": []
						}
					]
				},
				{
					"name": "Update User Profile",
					"request": {
						"auth": {
							"type": "bearer",
							"bearer": [
								{
									"key": "token",
									"value": "{{access_token}}",
									"type": "string"
								}
							]
						},
						"method": "POST",
						"header": [],
						"body": {
							"mode": "formdata",
							"formdata": [
								{
									"key": "profile_picture",
									"type": "file",
									"src": "/C:/Users/tinno/Downloads/17248547410/MEDIA_FILES/IMAGES/images (10).jpg"
								}
							]
						},
						"url": {
							"raw": "{{url}}/me/update-profile",
							"host": [
								"{{url}}"
							],
							"path": [
								"me",
								"update-profile"
							]
						}
					},
					"response": []
				},
				{
					"name": "Get User Profile",
					"request": {
						"auth": {
							"type": "bearer",
							"bearer": [
								{
									"key": "token",
									"value": "{{access_token}}",
									"type": "string"
								}
							]
						},
						"method": "GET",
						"header": [],
						"url": {
							"raw": "{{url}}/me",
							"host": [
								"{{url}}"
							],
							"path": [
								"me"
							]
						}
					},
					"response": []
				}
			]
		}
	]
}