{
	"id": "5e71fa99-fffc-4bc3-a380-d371a93627be",
	"name": "API Environments",
	"values": [
		{
			"key": "url",
			"value": "https://tinno.dikelasawan.my.id:8443/api/v1",
			"type": "default",
			"enabled": true
		},
		{
			"key": "access_token",
			"value": "4|QXoaNw8aEdKvN2zwfL8oAd5BZuXrMxTIdyYWWFrx4a424c2e",
			"type": "default",
			"enabled": true
		},
		{
			"key": "captcha",
			"value": "ed83",
			"type": "default",
			"enabled": true
		},
		{
			"key": "captcha_token",
			"value": "e83882b4",
			"type": "default",
			"enabled": true
		}
	],
	"_postman_variable_scope": "environment",
	"_postman_exported_at": "2024-08-30T14:27:35.621Z",
	"_postman_exported_using": "Postman/11.10.1"
}